name,type,delay(ms),speed(bps),ip,country,isp
"ğŸ‡¯ğŸ‡µ æ—¥æœ¬_1","ss","189","-1","172.104.116.73","JP","Akamai Connected Cloud"
"â“ æœªçŸ¥_1","ssr","193","-1","","UNKNOWN",""
"ğŸ‡¯ğŸ‡µ æ—¥æœ¬_2","ss","198","-1","172.105.193.179","JP","Akamai Connected Cloud"
"â“ æœªçŸ¥_2","ssr","202","-1","","UNKNOWN",""
"ğŸ‡¯ğŸ‡µ æ—¥æœ¬_3","ss","210","-1","172.105.193.84","JP","Akamai Connected Cloud"
"ğŸ‡¯ğŸ‡µ æ—¥æœ¬_4","ss","220","-1","57.180.37.197","JP","Amazon.com"
"â“ æœªçŸ¥_3","ss","225","-1","","UNKNOWN",""
"â“ æœªçŸ¥_4","vless","231","-1","104.28.160.186","UNKNOWN",""
"ğŸ‡­ğŸ‡° é¦™æ¸¯_1","vless","231","-1","104.28.158.53","Cloudflare","Cloudflare, Inc."
"ğŸ‡­ğŸ‡° é¦™æ¸¯_2","vless","232","-1","104.28.160.182","Cloudflare","Cloudflare"
"ğŸ‡¸ğŸ‡¬ æ–°åŠ å¡_1","ss","232","-1","152.42.164.198","SG","Digital Ocean"
"ğŸ‡­ğŸ‡° é¦™æ¸¯_3","vless","235","-1","104.28.157.200","Cloudflare","Cloudflare, Inc."
"ğŸ‡­ğŸ‡° é¦™æ¸¯_4","vless","235","-1","104.28.158.51","Cloudflare","Cloudflare Warp"
"ğŸ‡­ğŸ‡° é¦™æ¸¯_5","vless","237","-1","104.28.156.226","Cloudflare","Cloudflare Warp"
"ğŸ‡­ğŸ‡° é¦™æ¸¯_6","vless","241","-1","104.28.158.176","Cloudflare","Cloudflare Warp"
"ğŸ‡­ğŸ‡° é¦™æ¸¯_7","vless","242","-1","104.28.159.94","Cloudflare","Cloudflare"
"ğŸ‡­ğŸ‡° é¦™æ¸¯_8","vless","242","-1","104.28.157.193","Cloudflare","Cloudflare Warp"
"â“ æœªçŸ¥_5","ssr","244","-1","","UNKNOWN",""
"ğŸ‡­ğŸ‡° é¦™æ¸¯_9","vless","245","-1","104.28.158.133","Cloudflare","Cloudflare Warp"
"ğŸ‡­ğŸ‡° é¦™æ¸¯_10","vless","246","-1","104.28.156.208","Cloudflare","Cloudflare Warp"
"ğŸ‡­ğŸ‡° é¦™æ¸¯_11","vless","246","-1","104.28.157.194","Cloudflare","Cloudflare Warp"
"ğŸ‡­ğŸ‡° é¦™æ¸¯_12","vless","247","-1","104.28.157.199","Cloudflare","Cloudflare Warp"
"ğŸ‡­ğŸ‡° é¦™æ¸¯_13","vless","254","-1","104.28.158.176","Cloudflare","Cloudflare Warp"
"ğŸ‡­ğŸ‡° é¦™æ¸¯_14","vless","255","-1","104.28.157.195","Cloudflare","Cloudflare Warp"
"ğŸ‡­ğŸ‡° é¦™æ¸¯_15","trojan","255","-1","219.73.89.166","HK","Netvigator Home Broadband"
"ğŸ‡­ğŸ‡° é¦™æ¸¯_16","ss","257","-1","46.3.242.34","HK","Akari Networks Limited"
"ğŸ‡­ğŸ‡° é¦™æ¸¯_17","vless","257","-1","104.28.156.225","Cloudflare","Cloudflare Warp"
"â“ æœªçŸ¥_6","ss","259","-1","18.181.170.157","UNKNOWN",""
"â“ æœªçŸ¥_7","vless","265","-1","104.28.158.176","UNKNOWN",""
"â“ æœªçŸ¥_8","vless","270","-1","104.28.156.207","UNKNOWN",""
"ğŸ‡­ğŸ‡° é¦™æ¸¯_18","vless","272","-1","104.28.156.216","Cloudflare","Cloudflare Warp"
"ğŸ‡­ğŸ‡° é¦™æ¸¯_19","vless","277","-1","104.28.160.199","Cloudflare","Cloudflare"
"ğŸ‡­ğŸ‡° é¦™æ¸¯_20","vless","278","-1","104.28.157.196","Cloudflare","Cloudflare Warp"
"ğŸ‡­ğŸ‡° é¦™æ¸¯_21","vless","279","-1","104.28.160.187","Cloudflare","Cloudflare"
"ğŸ‡­ğŸ‡° é¦™æ¸¯_22","vless","280","-1","104.28.158.53","Cloudflare","Cloudflare Warp"
"ğŸ‡­ğŸ‡° é¦™æ¸¯_23","vless","282","-1","104.28.158.176","Cloudflare","Cloudflare Warp"
"ğŸ‡­ğŸ‡° é¦™æ¸¯_24","vless","286","-1","104.28.156.216","Cloudflare","Cloudflare Warp"
"ğŸ‡­ğŸ‡° é¦™æ¸¯_25","ss","291","-1","47.243.99.111","HK","Alibaba"
"ğŸ‡­ğŸ‡° é¦™æ¸¯_26","vless","298","-1","104.28.160.181","Cloudflare","Cloudflare"
"ğŸ‡­ğŸ‡° é¦™æ¸¯_27","vless","304","-1","104.28.157.196","Cloudflare","Cloudflare Warp"
"ğŸ‡­ğŸ‡° é¦™æ¸¯_28","vless","313","-1","8.217.226.145","HK","Alibaba"
"ğŸ‡­ğŸ‡° é¦™æ¸¯_29","vless","314","-1","47.76.44.200","HK","Alibaba"
"ğŸ‡­ğŸ‡° é¦™æ¸¯_30","vless","318","-1","104.28.156.215","Cloudflare","Cloudflare, Inc."
"ğŸ‡­ğŸ‡° é¦™æ¸¯_31","vless","321","-1","104.28.157.199","Cloudflare","Cloudflare Warp"
"â“ æœªçŸ¥_9","vless","329","-1","104.28.160.199","UNKNOWN",""
"ğŸ‡­ğŸ‡° é¦™æ¸¯_32","trojan","330","-1","141.11.148.171","HK","Sprint"
"ğŸ‡­ğŸ‡° é¦™æ¸¯_33","vless","334","-1","104.28.158.176","Cloudflare","Cloudflare, Inc."
"ğŸ‡­ğŸ‡° é¦™æ¸¯_34","vless","337","-1","104.28.156.214","Cloudflare","Cloudflare Warp"
"ğŸ‡­ğŸ‡° é¦™æ¸¯_35","ssr","353","-1","103.172.41.178","HK","Akari-networks"
"â“ æœªçŸ¥_10","ss","356","-1","","UNKNOWN",""
"ğŸ‡­ğŸ‡° é¦™æ¸¯_36","vless","359","-1","35.220.217.64","HK","Google Cloud"
"ğŸ‡­ğŸ‡° é¦™æ¸¯_37","vless","362","-1","104.28.158.53","Cloudflare","Cloudflare Warp"
"â“ æœªçŸ¥_11","vless","364","-1","104.28.157.48","UNKNOWN",""
"ğŸ‡­ğŸ‡° é¦™æ¸¯_38","vless","371","-1","35.220.217.64","HK","Google Cloud"
"ğŸ‡­ğŸ‡° é¦™æ¸¯_39","vless","374","-1","35.220.217.64","HK","Google Cloud"
"ğŸ‡­ğŸ‡° é¦™æ¸¯_40","vless","381","-1","35.220.217.64","HK","Google Cloud"
"ğŸ‡¹ğŸ‡¼ å°æ¹¾_1","vless","395","-1","104.28.157.157","Cloudflare","Cloudflare Warp"
"ğŸ‡¸ğŸ‡¬ æ–°åŠ å¡_2","ss","396","-1","172.104.166.170","SG","Akamai Connected Cloud"
"â“ æœªçŸ¥_12","vless","396","-1","104.28.157.156","UNKNOWN",""
"ğŸ‡¯ğŸ‡µ æ—¥æœ¬_5","vless","416","-1","104.28.158.95","Cloudflare","Cloudflare Warp"
"ğŸ‡¯ğŸ‡µ æ—¥æœ¬_6","vless","420","-1","104.28.158.201","Cloudflare","Cloudflare Warp"
"ğŸ‡­ğŸ‡° é¦™æ¸¯_41","trojan","431","-1","58.152.67.69","HK","Netvigator"
"â“ æœªçŸ¥_13","vless","432","-1","104.28.159.154","UNKNOWN",""
"â“ æœªçŸ¥_14","vless","441","-1","104.28.156.229","UNKNOWN",""
"ğŸ‡¯ğŸ‡µ æ—¥æœ¬_7","vless","449","-1","104.28.157.35","Cloudflare","Cloudflare Warp"
"â“ æœªçŸ¥_15","trojan","450","-1","104.28.157.157","UNKNOWN",""
"â“ æœªçŸ¥_16","vless","451","-1","","UNKNOWN",""
"â“ æœªçŸ¥_17","vless","451","-1","","UNKNOWN",""
"ğŸ‡¹ğŸ‡¼ å°æ¹¾_2","vless","454","-1","104.28.157.156","Cloudflare","Cloudflare, Inc."
"â“ æœªçŸ¥_18","vless","456","-1","104.28.156.229","UNKNOWN",""
"ğŸ‡¹ğŸ‡¼ å°æ¹¾_3","vless","456","-1","104.28.157.156","Cloudflare","Cloudflare Warp"
"ğŸ‡²ğŸ‡¾ é©¬æ¥è¥¿äºš_1","trojan","458","-1","103.158.74.5","MY","Zhejiang Aiyun Network Technology Co"
"â“ æœªçŸ¥_19","trojan","458","-1","","UNKNOWN",""
"ğŸ‡¯ğŸ‡µ æ—¥æœ¬_8","vless","462","-1","104.28.157.39","Cloudflare","Cloudflare, Inc."
"â“ æœªçŸ¥_20","vless","468","-1","104.28.156.240","UNKNOWN",""
"â“ æœªçŸ¥_21","trojan","470","-1","","UNKNOWN",""
"â“ æœªçŸ¥_22","vless","474","-1","104.28.157.43","UNKNOWN",""
"ğŸ‡¯ğŸ‡µ æ—¥æœ¬_9","vless","478","-1","104.28.157.25","Cloudflare","Cloudflare Warp"
"ğŸ‡¸ğŸ‡¬ æ–°åŠ å¡_3","ss","484","-1","139.177.187.176","SG","Akamai Connected Cloud"
"â“ æœªçŸ¥_23","vless","493","-1","104.28.157.117","UNKNOWN",""
"â“ æœªçŸ¥_24","vless","494","-1","104.28.157.51","UNKNOWN",""
"ğŸ‡²ğŸ‡¾ é©¬æ¥è¥¿äºš_2","vless","501","-1","104.28.156.158","Cloudflare","Cloudflare Warp"
"ğŸ‡ºğŸ‡¸ ç¾å›½_1","ss","502","-1","146.190.131.211","US","Digital Ocean"
"ğŸ‡¸ğŸ‡¬ æ–°åŠ å¡_4","trojan","503","-1","45.135.228.65","SG","G-Core Labs SA"
"â“ æœªçŸ¥_25","vless","507","-1","","UNKNOWN",""
"â“ æœªçŸ¥_26","ss","508","-1","","UNKNOWN",""
"â“ æœªçŸ¥_27","vless","510","-1","104.28.158.58","UNKNOWN",""
"â“ æœªçŸ¥_28","vless","527","-1","","UNKNOWN",""
"â“ æœªçŸ¥_29","vless","529","-1","104.28.157.47","UNKNOWN",""
"ğŸ‡ºğŸ‡¸ ç¾å›½_2","ss","531","-1","146.190.168.103","US","Digital Ocean"
"ğŸ‡¯ğŸ‡µ æ—¥æœ¬_10","vless","533","-1","104.28.157.37","Cloudflare","Cloudflare Warp"
"ğŸ‡­ğŸ‡° é¦™æ¸¯_42","trojan","533","-1","91.199.84.30","HK","G-Core Labs SA"
"â“ æœªçŸ¥_30","vless","533","-1","104.28.157.52","UNKNOWN",""
"ğŸ‡»ğŸ‡³ è¶Šå—_1","ss","534","-1","103.173.155.209","VN","Thien Quang Digital technology joint stock company"
"ğŸ‡¯ğŸ‡µ æ—¥æœ¬_11","vless","539","-1","104.28.157.50","Cloudflare","Cloudflare Warp"
"â“ æœªçŸ¥_31","vless","540","-1","104.28.156.227","UNKNOWN",""
"ğŸ‡¯ğŸ‡µ æ—¥æœ¬_12","vless","543","-1","104.28.157.54","Cloudflare","Cloudflare Warp"
"ğŸ‡¯ğŸ‡µ æ—¥æœ¬_13","vless","544","-1","104.28.157.39","Cloudflare","Cloudflare Warp"
"â“ æœªçŸ¥_32","vless","546","-1","104.28.157.26","UNKNOWN",""
"ğŸ‡­ğŸ‡° é¦™æ¸¯_43","trojan","546","-1","91.199.84.7","HK","G-Core Labs SA"
"â“ æœªçŸ¥_33","vless","547","-1","104.28.157.42","UNKNOWN",""
"ğŸ‡­ğŸ‡° é¦™æ¸¯_44","vless","548","-1","104.28.156.228","Cloudflare","Cloudflare Warp"
"ğŸ‡¯ğŸ‡µ æ—¥æœ¬_14","vless","550","-1","104.28.157.23","Cloudflare","Cloudflare Warp"
"ğŸ‡­ğŸ‡° é¦™æ¸¯_45","trojan","552","-1","141.11.22.116","HK","Nearoute"
"ğŸ‡¯ğŸ‡µ æ—¥æœ¬_15","vless","553","-1","104.28.157.32","Cloudflare","Cloudflare Warp"
"ğŸ‡­ğŸ‡° é¦™æ¸¯_46","vless","553","-1","104.28.156.227","Cloudflare","Cloudflare Warp"
"ğŸ‡¯ğŸ‡µ æ—¥æœ¬_16","vless","556","-1","104.28.157.52","Cloudflare","Cloudflare, Inc."
"â“ æœªçŸ¥_34","vless","556","-1","104.28.156.227","UNKNOWN",""
"â“ æœªçŸ¥_35","vless","564","-1","104.28.160.164","UNKNOWN",""
"ğŸ‡¯ğŸ‡µ æ—¥æœ¬_17","vless","572","-1","104.28.157.29","Cloudflare","Cloudflare Warp"
"ğŸ‡­ğŸ‡° é¦™æ¸¯_47","vless","577","-1","104.28.160.181","Cloudflare","Cloudflare"
"â“ æœªçŸ¥_36","ss","589","-1","","UNKNOWN",""
"ğŸ‡°ğŸ‡· éŸ©å›½_1","vless","597","-1","104.28.160.216","Cloudflare","Cloudflare"
"ğŸ‡­ğŸ‡° é¦™æ¸¯_48","trojan","597","-1","91.199.84.244","HK","G Core Labs S.A."
"â“ æœªçŸ¥_37","vless","605","-1","104.28.157.3","UNKNOWN",""
"ğŸ‡¹ğŸ‡¼ å°æ¹¾_4","trojan","607","-1","103.127.218.188","TW","Pittqiao Network Information Co."
"ğŸ‡­ğŸ‡° é¦™æ¸¯_49","hysteria2","609","-1","102.215.231.173","HK","Netlab-sdn"
"ğŸ‡ºğŸ‡¸ ç¾å›½_3","vless","610","-1","104.28.157.107","Cloudflare","Cloudflare, Inc."
"ğŸ‡°ğŸ‡· éŸ©å›½_2","vless","611","-1","104.28.164.11","Cloudflare","Cloudflare Warp"
"â“ æœªçŸ¥_38","vless","611","-1","104.28.157.102","UNKNOWN",""
"â“ æœªçŸ¥_39","vless","611","-1","104.28.157.105","UNKNOWN",""
"ğŸ‡°ğŸ‡· éŸ©å›½_3","vless","612","-1","104.28.157.1","Cloudflare","Cloudflare Warp"
"ğŸ‡°ğŸ‡· éŸ©å›½_4","vless","614","-1","104.28.156.248","Cloudflare","Cloudflare Warp"
"â“ æœªçŸ¥_40","vless","615","-1","104.28.164.10","UNKNOWN",""
"ğŸ‡ºğŸ‡¸ ç¾å›½_4","vless","615","-1","104.28.152.175","Cloudflare","Cloudflare Warp"
"ğŸ‡ºğŸ‡¸ ç¾å›½_5","vless","617","-1","104.28.152.187","Cloudflare","Cloudflare Warp"
"ğŸ‡ºğŸ‡¸ ç¾å›½_6","vless","618","-1","104.28.152.170","Cloudflare","Cloudflare Warp"
"ğŸ‡ºğŸ‡¸ ç¾å›½_7","vless","618","-1","104.28.157.113","Cloudflare","Cloudflare Warp"
"ğŸ‡ºğŸ‡¸ ç¾å›½_8","vless","618","-1","104.28.157.108","Cloudflare","Cloudflare Warp"
"ğŸ‡ºğŸ‡¸ ç¾å›½_9","vless","619","-1","104.28.157.117","Cloudflare","Cloudflare Warp"
"â“ æœªçŸ¥_41","vless","620","-1","","UNKNOWN",""
"ğŸ‡©ğŸ‡ª å¾·å›½","trojan","620","-1","35.159.190.83","DE","Amazon.com"
"â“ æœªçŸ¥_42","vless","623","-1","104.28.157.116","UNKNOWN",""
"â“ æœªçŸ¥_43","vless","626","-1","104.28.152.172","UNKNOWN",""
"â“ æœªçŸ¥_44","vless","627","-1","104.28.160.216","UNKNOWN",""
"â“ æœªçŸ¥_45","vless","627","-1","104.28.157.107","UNKNOWN",""
"â“ æœªçŸ¥_46","vless","628","-1","104.28.157.111","UNKNOWN",""
"â“ æœªçŸ¥_47","vless","630","-1","","UNKNOWN",""
"â“ æœªçŸ¥_48","vless","632","-1","104.28.152.186","UNKNOWN",""
"â“ æœªçŸ¥_49","vless","632","-1","104.28.157.114","UNKNOWN",""
"â“ æœªçŸ¥_50","vless","632","-1","104.28.157.2","UNKNOWN",""
"ğŸ‡ºğŸ‡¸ ç¾å›½_10","vless","633","-1","104.28.159.246","Cloudflare","Cloudflare, Inc."
"â“ æœªçŸ¥_51","vless","633","-1","104.28.152.172","UNKNOWN",""
"â“ æœªçŸ¥_52","vless","633","-1","104.28.159.246","UNKNOWN",""
"â“ æœªçŸ¥_53","vless","634","-1","104.28.152.185","UNKNOWN",""
"â“ æœªçŸ¥_54","vless","634","-1","104.28.152.176","UNKNOWN",""
"ğŸ‡®ğŸ‡³ å°åº¦","trojan","635","-1","68.183.81.65","IN","Digital Ocean"
"â“ æœªçŸ¥_55","vless","636","-1","104.28.152.183","UNKNOWN",""
"â“ æœªçŸ¥_56","ss","636","-1","165.227.46.208","UNKNOWN",""
"â“ æœªçŸ¥_57","vless","637","-1","104.28.152.177","UNKNOWN",""
"ğŸ‡°ğŸ‡· éŸ©å›½_5","vless","640","-1","104.28.164.10","Cloudflare","Cloudflare Warp"
"â“ æœªçŸ¥_58","vless","640","-1","104.28.152.183","UNKNOWN",""
"â“ æœªçŸ¥_59","vless","642","-1","104.28.152.185","UNKNOWN",""
"â“ æœªçŸ¥_60","vless","643","-1","104.28.157.113","UNKNOWN",""
"ğŸ‡ºğŸ‡¸ ç¾å›½_11","trojan","643","-1","172.233.146.107","US","Akamai Connected Cloud"
"â“ æœªçŸ¥_61","vless","643","-1","104.28.160.135","UNKNOWN",""
"â“ æœªçŸ¥_62","vless","643","-1","104.28.157.105","UNKNOWN",""
"â“ æœªçŸ¥_63","vless","644","-1","104.28.157.104","UNKNOWN",""
"ğŸ‡°ğŸ‡· éŸ©å›½_6","vless","645","-1","132.226.172.147","KR","Oracle Cloud"
"â“ æœªçŸ¥_64","vless","646","-1","104.28.159.244","UNKNOWN",""
"ğŸ‡°ğŸ‡· éŸ©å›½_7","vless","646","-1","104.28.156.249","Cloudflare","Cloudflare Warp"
"â“ æœªçŸ¥_65","vless","647","-1","104.28.157.215","UNKNOWN",""
"â“ æœªçŸ¥_66","vless","648","-1","104.28.152.173","UNKNOWN",""
"â“ æœªçŸ¥_67","vless","648","-1","104.28.152.177","UNKNOWN",""
"â“ æœªçŸ¥_68","vless","650","-1","104.28.157.116","UNKNOWN",""
"â“ æœªçŸ¥_69","vless","651","-1","104.28.157.107","UNKNOWN",""
"ğŸ‡ºğŸ‡¸ ç¾å›½_12","vless","651","-1","104.28.152.183","Cloudflare","Cloudflare Warp"
"ğŸ‡ºğŸ‡¸ ç¾å›½_13","vless","652","-1","104.28.160.109","Cloudflare","Cloudflare"
"ğŸ‡¯ğŸ‡µ æ—¥æœ¬_18","ss","655","-1","172.234.84.58","JP","Akamai Connected Cloud"
"â“ æœªçŸ¥_70","vless","656","-1","104.28.152.165","UNKNOWN",""
"â“ æœªçŸ¥_71","vless","658","-1","104.28.152.169","UNKNOWN",""
"ğŸ‡ºğŸ‡¸ ç¾å›½_14","vless","658","-1","104.28.157.115","Cloudflare","Cloudflare Warp"
"ğŸ‡ºğŸ‡¸ ç¾å›½_15","vless","659","-1","104.28.157.114","Cloudflare","Cloudflare Warp"
"ğŸ‡ºğŸ‡¸ ç¾å›½_16","vless","659","-1","104.28.152.185","Cloudflare","Cloudflare Warp"
"ğŸ‡ºğŸ‡¸ ç¾å›½_17","vless","661","-1","104.28.159.244","Cloudflare","Cloudflare"
"ğŸ‡ºğŸ‡¸ ç¾å›½_18","vless","661","-1","104.28.157.105","Cloudflare","Cloudflare Warp"
"â“ æœªçŸ¥_72","ssr","661","-1","","UNKNOWN",""
"ğŸ‡ºğŸ‡¸ ç¾å›½_19","vless","663","-1","104.28.152.168","Cloudflare","Cloudflare Warp"
"ğŸ‡ºğŸ‡¸ ç¾å›½_20","vless","664","-1","104.28.152.175","Cloudflare","Cloudflare Warp"
"ğŸ‡ºğŸ‡¸ ç¾å›½_21","vless","666","-1","104.28.152.183","Cloudflare","Cloudflare Warp"
"ğŸ‡ºğŸ‡¸ ç¾å›½_22","vless","667","-1","104.28.159.246","Cloudflare","Cloudflare"
"ğŸ‡ºğŸ‡¸ ç¾å›½_23","vless","667","-1","104.28.152.173","Cloudflare","Cloudflare Warp"
"ğŸ‡ºğŸ‡¸ ç¾å›½_24","vless","668","-1","104.28.157.215","Cloudflare","Cloudflare Warp"
"ğŸ‡ºğŸ‡¸ ç¾å›½_25","vless","668","-1","104.28.160.109","Cloudflare","Cloudflare"
"ğŸ‡ºğŸ‡¸ ç¾å›½_26","vless","669","-1","104.28.152.171","Cloudflare","Cloudflare Warp"
"â“ æœªçŸ¥_73","trojan","670","-1","","UNKNOWN",""
"ğŸ‡°ğŸ‡· éŸ©å›½_8","vless","672","-1","104.28.164.10","Cloudflare","Cloudflare Warp"
"ğŸ‡­ğŸ‡° é¦™æ¸¯_50","vless","673","-1","20.24.105.105","HK","Microsoft Azure"
"ğŸ‡¹ğŸ‡¼ å°æ¹¾_5","trojan","675","-1","103.127.218.137","TW","Pittqiao Network Information Co."
"ğŸ‡ºğŸ‡¸ ç¾å›½_27","vless","678","-1","198.46.200.132","US","ColoCrossing"
"â“ æœªçŸ¥_74","vless","678","-1","104.28.157.115","UNKNOWN",""
"â“ æœªçŸ¥_75","ss","680","-1","","UNKNOWN",""
"â“ æœªçŸ¥_76","trojan","682","-1","","UNKNOWN",""
"â“ æœªçŸ¥_77","vless","683","-1","104.28.152.187","UNKNOWN",""
"ğŸ‡°ğŸ‡· éŸ©å›½_9","vless","686","-1","104.28.164.12","Cloudflare","Cloudflare, Inc."
"ğŸ‡ºğŸ‡¸ ç¾å›½_28","vless","687","-1","104.28.157.108","Cloudflare","Cloudflare Warp"
"â“ æœªçŸ¥_78","vless","688","-1","104.28.156.248","UNKNOWN",""
"â“ æœªçŸ¥_79","vless","690","-1","104.28.152.173","UNKNOWN",""
"â“ æœªçŸ¥_80","vless","692","-1","104.28.157.215","UNKNOWN",""
"â“ æœªçŸ¥_81","vless","696","-1","104.28.152.154","UNKNOWN",""
"ğŸ‡ºğŸ‡¸ ç¾å›½_29","vless","696","-1","104.28.152.176","Cloudflare","Cloudflare Warp"
"â“ æœªçŸ¥_82","vless","700","-1","104.28.157.45","UNKNOWN",""
"â“ æœªçŸ¥_83","trojan","705","-1","104.28.157.3","UNKNOWN",""
"ğŸ‡ºğŸ‡¸ ç¾å›½_30","vless","712","-1","104.28.152.175","Cloudflare","Cloudflare, Inc."
"â“ æœªçŸ¥_84","vless","715","-1","104.28.152.170","UNKNOWN",""
"â“ æœªçŸ¥_85","vless","717","-1","104.28.159.245","UNKNOWN",""
"ğŸ‡¯ğŸ‡µ æ—¥æœ¬_19","trojan","721","-1","31.223.184.119","JP","G-Core Labs SA"
"ğŸ‡¯ğŸ‡µ æ—¥æœ¬_20","ss","721","-1","154.16.248.249","JP","Akile"
"ğŸ‡¯ğŸ‡µ æ—¥æœ¬_21","vless","737","-1","104.28.157.40","Cloudflare","Cloudflare Warp"
"â“ æœªçŸ¥_86","trojan","739","-1","","UNKNOWN",""
"â“ æœªçŸ¥_87","trojan","740","-1","","UNKNOWN",""
"â“ æœªçŸ¥_88","ss","740","-1","","UNKNOWN",""
"ğŸ‡°ğŸ‡· éŸ©å›½_10","vless","747","-1","104.28.157.2","Cloudflare","Cloudflare Warp"
"â“ æœªçŸ¥_89","vless","751","-1","104.28.157.116","UNKNOWN",""
"ğŸ‡¯ğŸ‡µ æ—¥æœ¬_22","trojan","756","-1","94.177.131.229","JP","G-Core Labs SA"
"ğŸ‡ºğŸ‡¸ ç¾å›½_31","vless","757","-1","104.28.152.174","Cloudflare","Cloudflare Warp"
"â“ æœªçŸ¥_90","vless","759","-1","104.28.152.165","UNKNOWN",""
"â“ æœªçŸ¥_91","vless","761","-1","104.28.152.165","UNKNOWN",""
"â“ æœªçŸ¥_92","vless","761","-1","104.28.157.104","UNKNOWN",""
"â“ æœªçŸ¥_93","vless","762","-1","104.28.152.173","UNKNOWN",""
"â“ æœªçŸ¥_94","vless","762","-1","104.28.157.103","UNKNOWN",""
"â“ æœªçŸ¥_95","vless","762","-1","104.28.160.109","UNKNOWN",""
"ğŸ‡ºğŸ‡¸ ç¾å›½_32","vless","762","-1","104.28.152.183","Cloudflare","Cloudflare Warp"
"ğŸ‡ºğŸ‡¸ ç¾å›½_33","vless","762","-1","104.28.152.171","Cloudflare","Cloudflare, Inc."
"ğŸ‡ºğŸ‡¸ ç¾å›½_34","vless","762","-1","198.46.200.132","US","ColoCrossing"
"â“ æœªçŸ¥_96","vless","763","-1","104.28.152.172","UNKNOWN",""
"â“ æœªçŸ¥_97","vless","763","-1","104.28.157.114","UNKNOWN",""
"â“ æœªçŸ¥_98","vless","763","-1","104.28.152.187","UNKNOWN",""
"â“ æœªçŸ¥_99","vless","763","-1","","UNKNOWN",""
"ğŸ‡ºğŸ‡¸ ç¾å›½_35","vless","764","-1","104.28.159.247","Cloudflare","Cloudflare, Inc."
"ğŸ‡ºğŸ‡¸ ç¾å›½_36","vless","764","-1","104.28.152.185","Cloudflare","Cloudflare Warp"
"ğŸ‡ºğŸ‡¸ ç¾å›½_37","vless","764","-1","104.28.152.175","Cloudflare","Cloudflare Warp"
"ğŸ‡ºğŸ‡¸ ç¾å›½_38","vless","764","-1","104.28.152.174","Cloudflare","Cloudflare Warp"
"ğŸ‡ºğŸ‡¸ ç¾å›½_39","vless","764","-1","104.28.152.176","Cloudflare","Cloudflare Warp"
"ğŸ‡ºğŸ‡¸ ç¾å›½_40","vless","764","-1","104.28.159.247","Cloudflare","Cloudflare"
"ğŸ‡ºğŸ‡¸ ç¾å›½_41","vless","765","-1","104.28.157.102","Cloudflare","Cloudflare Warp"
"ğŸ‡ºğŸ‡¸ ç¾å›½_42","vless","765","-1","104.28.160.109","Cloudflare","Cloudflare"
"ğŸ‡ºğŸ‡¸ ç¾å›½_43","vless","765","-1","104.28.160.109","Cloudflare","Cloudflare"
"ğŸ‡ºğŸ‡¸ ç¾å›½_44","vless","765","-1","104.28.152.181","Cloudflare","Cloudflare Warp"
"ğŸ‡ºğŸ‡¸ ç¾å›½_45","vless","765","-1","104.28.159.246","Cloudflare","Cloudflare"
"ğŸ‡ºğŸ‡¸ ç¾å›½_46","vless","766","-1","104.28.157.116","Cloudflare","Cloudflare Warp"
"ğŸ‡ºğŸ‡¸ ç¾å›½_47","vless","766","-1","104.28.152.167","Cloudflare","Cloudflare Warp"
"ğŸ‡ºğŸ‡¸ ç¾å›½_48","vless","766","-1","104.28.157.108","Cloudflare","Cloudflare Warp"
"ğŸ‡ºğŸ‡¸ ç¾å›½_49","vless","766","-1","104.28.152.187","Cloudflare","Cloudflare Warp"
"ğŸ‡ºğŸ‡¸ ç¾å›½_50","vless","766","-1","104.28.157.104","Cloudflare","Cloudflare Warp"
"ğŸ‡ºğŸ‡¸ ç¾å›½_51","vless","767","-1","104.28.159.244","Cloudflare","Cloudflare"
"ğŸ‡ºğŸ‡¸ ç¾å›½_52","vless","767","-1","104.28.157.117","Cloudflare","Cloudflare Warp"
"ğŸ‡ºğŸ‡¸ ç¾å›½_53","vless","767","-1","104.28.152.185","Cloudflare","Cloudflare, Inc."
"â“ æœªçŸ¥_100","vless","767","-1","104.28.152.165","UNKNOWN",""
"ğŸ‡ºğŸ‡¸ ç¾å›½_54","vless","767","-1","104.28.152.175","Cloudflare","Cloudflare Warp"
"ğŸ‡ºğŸ‡¸ ç¾å›½_55","vless","767","-1","104.28.159.247","Cloudflare","Cloudflare"
"â“ æœªçŸ¥_101","vless","767","-1","","UNKNOWN",""
"ğŸ‡ºğŸ‡¸ ç¾å›½_56","vless","767","-1","104.28.157.114","Cloudflare","Cloudflare Warp"
"â“ æœªçŸ¥_102","vless","768","-1","104.28.157.116","UNKNOWN",""
"ğŸ‡ºğŸ‡¸ ç¾å›½_57","vless","769","-1","104.28.152.175","Cloudflare","Cloudflare Warp"
"â“ æœªçŸ¥_103","vless","769","-1","104.28.157.112","UNKNOWN",""
"â“ æœªçŸ¥_104","vless","769","-1","104.28.157.106","UNKNOWN",""
"ğŸ‡ºğŸ‡¸ ç¾å›½_58","vless","769","-1","104.28.157.215","Cloudflare","Cloudflare Warp"
"ğŸ‡ºğŸ‡¸ ç¾å›½_59","vless","769","-1","104.28.152.171","Cloudflare","Cloudflare Warp"
"â“ æœªçŸ¥_105","vless","769","-1","104.28.152.176","UNKNOWN",""
"ğŸ‡ºğŸ‡¸ ç¾å›½_60","vless","770","-1","104.28.157.215","Cloudflare","Cloudflare Warp"
"â“ æœªçŸ¥_106","vless","770","-1","104.28.157.104","UNKNOWN",""
"â“ æœªçŸ¥_107","vless","770","-1","104.28.157.108","UNKNOWN",""
"ğŸ‡ºğŸ‡¸ ç¾å›½_61","vless","770","-1","104.28.152.174","Cloudflare","Cloudflare Warp"
"ğŸ‡ºğŸ‡¸ ç¾å›½_62","vless","770","-1","104.28.159.245","Cloudflare","Cloudflare"
"ğŸ‡ºğŸ‡¸ ç¾å›½_63","vless","770","-1","104.28.159.245","Cloudflare","Cloudflare"
"ğŸ‡ºğŸ‡¸ ç¾å›½_64","vless","770","-1","104.28.159.245","Cloudflare","Cloudflare"
"ğŸ‡ºğŸ‡¸ ç¾å›½_65","vless","770","-1","104.28.157.102","Cloudflare","Cloudflare Warp"
"ğŸ‡ºğŸ‡¸ ç¾å›½_66","vless","770","-1","104.28.157.117","Cloudflare","Cloudflare Warp"
"ğŸ‡ºğŸ‡¸ ç¾å›½_67","vless","771","-1","104.28.159.247","Cloudflare","Cloudflare"
"ğŸ‡ºğŸ‡¸ ç¾å›½_68","vless","771","-1","104.28.157.115","Cloudflare","Cloudflare Warp"
"ğŸ‡ºğŸ‡¸ ç¾å›½_69","vless","771","-1","104.28.157.113","Cloudflare","Cloudflare Warp"
"ğŸ‡ºğŸ‡¸ ç¾å›½_70","vless","771","-1","104.28.159.247","Cloudflare","Cloudflare"
"ğŸ‡ºğŸ‡¸ ç¾å›½_71","vless","771","-1","104.28.157.112","Cloudflare","Cloudflare Warp"
"ğŸ‡ºğŸ‡¸ ç¾å›½_72","vless","771","-1","104.28.157.108","Cloudflare","Cloudflare Warp"
"ğŸ‡ºğŸ‡¸ ç¾å›½_73","vless","771","-1","104.28.152.173","Cloudflare","Cloudflare Warp"
"ğŸ‡ºğŸ‡¸ ç¾å›½_74","vless","771","-1","104.28.152.171","Cloudflare","Cloudflare Warp"
"ğŸ‡ºğŸ‡¸ ç¾å›½_75","vless","771","-1","104.28.160.109","Cloudflare","Cloudflare"
"ğŸ‡ºğŸ‡¸ ç¾å›½_76","vless","771","-1","104.28.159.245","Cloudflare","Cloudflare"
"ğŸ‡ºğŸ‡¸ ç¾å›½_77","vless","771","-1","104.28.157.116","Cloudflare","Cloudflare Warp"
"ğŸ‡ºğŸ‡¸ ç¾å›½_78","vless","772","-1","104.28.157.116","Cloudflare","Cloudflare Warp"
"â“ æœªçŸ¥_108","vless","772","-1","104.28.157.105","UNKNOWN",""
"â“ æœªçŸ¥_109","vless","772","-1","104.28.157.113","UNKNOWN",""
"â“ æœªçŸ¥_110","vless","772","-1","104.28.159.246","UNKNOWN",""
"ğŸ‡¯ğŸ‡µ æ—¥æœ¬_23","ss","772","-1","154.16.248.249","JP","Akile"
"â“ æœªçŸ¥_111","vless","772","-1","104.28.152.165","UNKNOWN",""
"â“ æœªçŸ¥_112","vless","772","-1","104.28.157.117","UNKNOWN",""
"â“ æœªçŸ¥_113","vless","772","-1","104.28.160.109","UNKNOWN",""
"ğŸ‡ºğŸ‡¸ ç¾å›½_79","vless","772","-1","104.28.159.244","Cloudflare","Cloudflare"
"ğŸ‡ºğŸ‡¸ ç¾å›½_80","vless","772","-1","104.28.152.166","Cloudflare","Cloudflare Warp"
"â“ æœªçŸ¥_114","vless","773","-1","104.28.157.107","UNKNOWN",""
"ğŸ‡ºğŸ‡¸ ç¾å›½_81","vless","773","-1","104.28.152.173","Cloudflare","Cloudflare Warp"
"â“ æœªçŸ¥_115","vless","773","-1","104.28.157.106","UNKNOWN",""
"â“ æœªçŸ¥_116","vless","773","-1","104.28.157.104","UNKNOWN",""
"ğŸ‡ºğŸ‡¸ ç¾å›½_82","vless","773","-1","104.28.157.103","Cloudflare","Cloudflare Warp"
"â“ æœªçŸ¥_117","vless","773","-1","104.28.157.117","UNKNOWN",""
"â“ æœªçŸ¥_118","vless","773","-1","104.28.157.113","UNKNOWN",""
"ğŸ‡ºğŸ‡¸ ç¾å›½_83","vless","773","-1","104.28.157.117","Cloudflare","Cloudflare Warp"
"ğŸ‡ºğŸ‡¸ ç¾å›½_84","vless","774","-1","104.28.152.170","Cloudflare","Cloudflare Warp"
"ğŸ‡ºğŸ‡¸ ç¾å›½_85","vless","774","-1","104.28.152.186","Cloudflare","Cloudflare Warp"
"â“ æœªçŸ¥_119","vless","774","-1","104.28.160.109","UNKNOWN",""
"â“ æœªçŸ¥_120","vless","774","-1","104.28.157.106","UNKNOWN",""
"ğŸ‡ºğŸ‡¸ ç¾å›½_86","vless","774","-1","104.28.157.215","Cloudflare","Cloudflare Warp"
"â“ æœªçŸ¥_121","vless","774","-1","104.28.157.111","UNKNOWN",""
"â“ æœªçŸ¥_122","vless","774","-1","104.28.157.111","UNKNOWN",""
"â“ æœªçŸ¥_123","vless","775","-1","104.28.152.181","UNKNOWN",""
"ğŸ‡ºğŸ‡¸ ç¾å›½_87","vless","775","-1","104.28.157.117","Cloudflare","Cloudflare Warp"
"ğŸ‡ºğŸ‡¸ ç¾å›½_88","vless","775","-1","104.28.157.116","Cloudflare","Cloudflare Warp"
"ğŸ‡ºğŸ‡¸ ç¾å›½_89","vless","775","-1","104.28.157.116","Cloudflare","Cloudflare Warp"
"ğŸ‡ºğŸ‡¸ ç¾å›½_90","vless","776","-1","104.28.159.246","Cloudflare","Cloudflare"
"â“ æœªçŸ¥_124","vless","776","-1","104.28.159.246","UNKNOWN",""
"â“ æœªçŸ¥_125","vless","776","-1","104.28.157.114","UNKNOWN",""
"ğŸ‡ºğŸ‡¸ ç¾å›½_91","vless","776","-1","104.28.152.187","Cloudflare","Cloudflare Warp"
"â“ æœªçŸ¥_126","vless","776","-1","104.28.152.168","UNKNOWN",""
"ğŸ‡ºğŸ‡¸ ç¾å›½_92","vless","776","-1","104.28.152.182","Cloudflare","Cloudflare Warp"
"ğŸ‡ºğŸ‡¸ ç¾å›½_93","vless","776","-1","104.28.152.177","Cloudflare","Cloudflare, Inc."
"ğŸ‡ºğŸ‡¸ ç¾å›½_94","vless","776","-1","104.28.152.174","Cloudflare","Cloudflare Warp"
"ğŸ‡ºğŸ‡¸ ç¾å›½_95","vless","776","-1","104.28.160.109","Cloudflare","Cloudflare"
"ğŸ‡ºğŸ‡¸ ç¾å›½_96","vless","776","-1","104.28.157.106","Cloudflare","Cloudflare, Inc."
"ğŸ‡ºğŸ‡¸ ç¾å›½_97","vless","776","-1","104.28.152.183","Cloudflare","Cloudflare Warp"
"ğŸ‡ºğŸ‡¸ ç¾å›½_98","vless","776","-1","104.28.157.112","Cloudflare","Cloudflare Warp"
"â“ æœªçŸ¥_127","vless","776","-1","104.28.152.185","UNKNOWN",""
"â“ æœªçŸ¥_128","vless","776","-1","104.28.159.247","UNKNOWN",""
"â“ æœªçŸ¥_129","vless","777","-1","104.28.157.108","UNKNOWN",""
"ğŸ‡ºğŸ‡¸ ç¾å›½_99","vless","777","-1","104.28.152.170","Cloudflare","Cloudflare Warp"
"ğŸ‡ºğŸ‡¸ ç¾å›½_100","vless","777","-1","104.28.157.113","Cloudflare","Cloudflare Warp"
"ğŸ‡ºğŸ‡¸ ç¾å›½_101","vless","777","-1","104.28.152.187","Cloudflare","Cloudflare Warp"
"ğŸ‡ºğŸ‡¸ ç¾å›½_102","vless","777","-1","104.28.152.170","Cloudflare","Cloudflare, Inc."
"ğŸ‡ºğŸ‡¸ ç¾å›½_103","vless","777","-1","104.28.157.115","Cloudflare","Cloudflare Warp"
"ğŸ‡ºğŸ‡¸ ç¾å›½_104","vless","777","-1","104.28.157.114","Cloudflare","Cloudflare Warp"
"ğŸ‡ºğŸ‡¸ ç¾å›½_105","vless","777","-1","104.28.157.115","Cloudflare","Cloudflare Warp"
"ğŸ‡ºğŸ‡¸ ç¾å›½_106","vless","777","-1","104.28.152.172","Cloudflare","Cloudflare Warp"
"ğŸ‡ºğŸ‡¸ ç¾å›½_107","vless","777","-1","104.28.152.181","Cloudflare","Cloudflare Warp"
"ğŸ‡ºğŸ‡¸ ç¾å›½_108","vless","777","-1","104.28.152.167","Cloudflare","Cloudflare Warp"
"ğŸ‡ºğŸ‡¸ ç¾å›½_109","vless","777","-1","104.28.152.168","Cloudflare","Cloudflare Warp"
"ğŸ‡ºğŸ‡¸ ç¾å›½_110","vless","777","-1","198.46.200.132","US","ColoCrossing"
"ğŸ‡ºğŸ‡¸ ç¾å›½_111","vless","777","-1","104.28.152.184","Cloudflare","Cloudflare Warp"
"ğŸ‡ºğŸ‡¸ ç¾å›½_112","vless","777","-1","198.46.200.132","US","ColoCrossing"
"ğŸ‡ºğŸ‡¸ ç¾å›½_113","vless","777","-1","104.28.152.182","Cloudflare","Cloudflare Warp"
"ğŸ‡ºğŸ‡¸ ç¾å›½_114","vless","777","-1","104.28.160.109","Cloudflare","Cloudflare"
"ğŸ‡ºğŸ‡¸ ç¾å›½_115","vless","777","-1","104.28.152.182","Cloudflare","Cloudflare Warp"
"ğŸ‡ºğŸ‡¸ ç¾å›½_116","vless","777","-1","104.28.157.108","Cloudflare","Cloudflare Warp"
"ğŸ‡ºğŸ‡¸ ç¾å›½_117","vless","778","-1","104.28.157.111","Cloudflare","Cloudflare Warp"
"ğŸ‡ºğŸ‡¸ ç¾å›½_118","vless","778","-1","104.28.159.244","Cloudflare","Cloudflare"
"â“ æœªçŸ¥_130","vless","778","-1","104.28.152.186","UNKNOWN",""
"â“ æœªçŸ¥_131","vless","778","-1","104.28.152.174","UNKNOWN",""
"ğŸ‡ºğŸ‡¸ ç¾å›½_119","vless","778","-1","104.28.152.177","Cloudflare","Cloudflare Warp"
"ğŸ‡ºğŸ‡¸ ç¾å›½_120","vless","778","-1","104.28.157.215","Cloudflare","Cloudflare Warp"
"ğŸ‡ºğŸ‡¸ ç¾å›½_121","vless","778","-1","104.28.157.103","Cloudflare","Cloudflare Warp"
"ğŸ‡ºğŸ‡¸ ç¾å›½_122","vless","778","-1","104.28.152.170","Cloudflare","Cloudflare Warp"
"ğŸ‡ºğŸ‡¸ ç¾å›½_123","vless","778","-1","104.28.152.173","Cloudflare","Cloudflare Warp"
"ğŸ‡ºğŸ‡¸ ç¾å›½_124","vless","778","-1","104.28.159.245","Cloudflare","Cloudflare"
"ğŸ‡ºğŸ‡¸ ç¾å›½_125","vless","778","-1","104.28.157.215","Cloudflare","Cloudflare Warp"
"ğŸ‡ºğŸ‡¸ ç¾å›½_126","vless","778","-1","104.28.152.185","Cloudflare","Cloudflare Warp"
"â“ æœªçŸ¥_132","vless","778","-1","104.28.157.113","UNKNOWN",""
"ğŸ‡ºğŸ‡¸ ç¾å›½_127","vless","779","-1","104.28.152.165","Cloudflare","Cloudflare Warp"
"ğŸ‡ºğŸ‡¸ ç¾å›½_128","vless","779","-1","104.28.160.109","Cloudflare","Cloudflare"
"ğŸ‡ºğŸ‡¸ ç¾å›½_129","vless","779","-1","104.28.152.185","Cloudflare","Cloudflare Warp"
"ğŸ‡»ğŸ‡³ è¶Šå—_2","trojan","779","-1","103.179.189.46","VN","Vietnam Posts And Telecommunications Group"
"ğŸ‡ºğŸ‡¸ ç¾å›½_130","vless","779","-1","104.28.157.117","Cloudflare","Cloudflare Warp"
"ğŸ‡ºğŸ‡¸ ç¾å›½_131","vless","779","-1","104.28.159.244","Cloudflare","Cloudflare"
"ğŸ‡ºğŸ‡¸ ç¾å›½_132","vless","779","-1","104.28.152.168","Cloudflare","Cloudflare Warp"
"ğŸ‡ºğŸ‡¸ ç¾å›½_133","vless","779","-1","104.28.157.113","Cloudflare","Cloudflare, Inc."
"â“ æœªçŸ¥_133","vless","779","-1","104.28.152.166","UNKNOWN",""
"ğŸ‡ºğŸ‡¸ ç¾å›½_134","vless","779","-1","104.28.152.169","Cloudflare","Cloudflare Warp"
"ğŸ‡ºğŸ‡¸ ç¾å›½_135","vless","780","-1","104.28.157.109","Cloudflare","Cloudflare Warp"
"ğŸ‡ºğŸ‡¸ ç¾å›½_136","vless","780","-1","104.28.157.117","Cloudflare","Cloudflare Warp"
"ğŸ‡ºğŸ‡¸ ç¾å›½_137","vless","780","-1","104.28.152.167","Cloudflare","Cloudflare Warp"
"ğŸ‡ºğŸ‡¸ ç¾å›½_138","vless","780","-1","104.28.157.102","Cloudflare","Cloudflare Warp"
"ğŸ‡ºğŸ‡¸ ç¾å›½_139","vless","780","-1","104.28.157.112","Cloudflare","Cloudflare Warp"
"ğŸ‡ºğŸ‡¸ ç¾å›½_140","vless","780","-1","104.28.157.115","Cloudflare","Cloudflare Warp"
"ğŸ‡ºğŸ‡¸ ç¾å›½_141","vless","780","-1","104.28.159.246","Cloudflare","Cloudflare"
"ğŸ‡ºğŸ‡¸ ç¾å›½_142","vless","780","-1","104.28.159.246","Cloudflare","Cloudflare"
"ğŸ‡ºğŸ‡¸ ç¾å›½_143","vless","780","-1","104.28.152.176","Cloudflare","Cloudflare Warp"
"ğŸ‡ºğŸ‡¸ ç¾å›½_144","vless","780","-1","104.28.152.168","Cloudflare","Cloudflare Warp"
"ğŸ‡ºğŸ‡¸ ç¾å›½_145","vless","780","-1","104.28.152.186","Cloudflare","Cloudflare Warp"
"ğŸ‡ºğŸ‡¸ ç¾å›½_146","vless","780","-1","104.28.157.104","Cloudflare","Cloudflare Warp"
"ğŸ‡ºğŸ‡¸ ç¾å›½_147","vless","780","-1","104.28.152.170","Cloudflare","Cloudflare Warp"
"ğŸ‡ºğŸ‡¸ ç¾å›½_148","vless","780","-1","104.28.152.187","Cloudflare","Cloudflare Warp"
"ğŸ‡ºğŸ‡¸ ç¾å›½_149","vless","780","-1","104.28.157.114","Cloudflare","Cloudflare Warp"
"ğŸ‡ºğŸ‡¸ ç¾å›½_150","vless","780","-1","104.28.157.105","Cloudflare","Cloudflare Warp"
"ğŸ‡ºğŸ‡¸ ç¾å›½_151","vless","780","-1","104.28.157.114","Cloudflare","Cloudflare Warp"
"ğŸ‡ºğŸ‡¸ ç¾å›½_152","vless","780","-1","104.28.152.186","Cloudflare","Cloudflare Warp"
"ğŸ‡ºğŸ‡¸ ç¾å›½_153","vless","781","-1","104.28.157.115","Cloudflare","Cloudflare Warp"
"ğŸ‡ºğŸ‡¸ ç¾å›½_154","vless","781","-1","104.28.152.182","Cloudflare","Cloudflare Warp"
"ğŸ‡ºğŸ‡¸ ç¾å›½_155","vless","781","-1","104.28.157.102","Cloudflare","Cloudflare Warp"
"ğŸ‡ºğŸ‡¸ ç¾å›½_156","vless","781","-1","104.28.152.173","Cloudflare","Cloudflare Warp"
"ğŸ‡ºğŸ‡¸ ç¾å›½_157","vless","781","-1","104.28.157.116","Cloudflare","Cloudflare, Inc."
"â“ æœªçŸ¥_134","vless","781","-1","104.28.160.109","UNKNOWN",""
"ğŸ‡ºğŸ‡¸ ç¾å›½_158","vless","781","-1","104.28.160.109","Cloudflare","Cloudflare"
"ğŸ‡ºğŸ‡¸ ç¾å›½_159","vless","781","-1","104.28.152.168","Cloudflare","Cloudflare, Inc."
"ğŸ‡ºğŸ‡¸ ç¾å›½_160","vless","781","-1","104.28.152.185","Cloudflare","Cloudflare Warp"
"ğŸ‡ºğŸ‡¸ ç¾å›½_161","vless","781","-1","104.28.152.181","Cloudflare","Cloudflare Warp"
"ğŸ‡ºğŸ‡¸ ç¾å›½_162","vless","781","-1","104.28.157.115","Cloudflare","Cloudflare Warp"
"ğŸ‡ºğŸ‡¸ ç¾å›½_163","vless","781","-1","104.28.152.185","Cloudflare","Cloudflare Warp"
"â“ æœªçŸ¥_135","vless","781","-1","104.28.152.185","UNKNOWN",""
"â“ æœªçŸ¥_136","vless","781","-1","104.28.157.115","UNKNOWN",""
"â“ æœªçŸ¥_137","vless","781","-1","104.28.157.104","UNKNOWN",""
"ğŸ‡ºğŸ‡¸ ç¾å›½_164","vless","782","-1","104.28.157.105","Cloudflare","Cloudflare, Inc."
"ğŸ‡ºğŸ‡¸ ç¾å›½_165","vless","782","-1","104.28.157.114","Cloudflare","Cloudflare Warp"